<?xml version="1.0" encoding="UTF-8"?>
<project-private xmlns="http://www.netbeans.org/ns/project-private/1">
    <editor-bookmarks xmlns="http://www.netbeans.org/ns/editor-bookmarks/2" lastBookmarkId="0"/>
    <open-files xmlns="http://www.netbeans.org/ns/projectui-open-files/2">
        <group>
            <file>file:/C:/xampp/htdocs/Sample/product.php</file>
            <file>file:/C:/xampp/htdocs/Sample/action.php</file>
            <file>file:/C:/xampp/htdocs/Sample/body.php</file>
            <file>file:/C:/xampp/htdocs/Sample/register.php</file>
            <file>file:/C:/xampp/htdocs/Sample/cart.php</file>
            <file>file:/C:/xampp/htdocs/Sample/index.php</file>
            <file>file:/C:/xampp/htdocs/Sample/checkout.php</file>
        </group>
    </open-files>
</project-private>
